{
    "id": "aurashare",
    "name": "aurashare",
    "title": "Aura Share",
    "description": "Automates auras in PF 1.E VTT",
    "version": "1.4.5",
    "esmodules": [
        "scripts/aurashare.js"
      ],
    "authors": [
      {
        "name": "Cactuar / Fiona",
        "url": "https://github.com/FionaBrightgrass/Aura-Share",
        "discord": "Cactuar#3425"
      }
    ],
    "minimumCoreVersion": "10.0.0",
    "compatibleCoreVersion": "10",
    "url": "https://github.com/FionaBrightgrass/Aura-Share",
    "manifest": "https://github.com/FionaBrightgrass/Aura-Share/raw/main/module.json",
    "download": "https://github.com/FionaBrightgrass/Aura-Share/raw/main/module.zip"
  }
