{
    "id": "Pathfinder-Aura-Share",
    "name": "Pathfinder-Aura-Share",
    "title": "Pathfinder Aura Share",
    "description": "Automates auras in PF 1.E VTT",
    "version": "1.0.8",
    "esmodules": [
        "scripts/module.js"
      ],
    "authors": [
      {
        "name": "Cactuar",
        "url": "https://github.com/Cactuar87/",
        "discord": "Cactuar#3425"
      }
    ],
    "minimumCoreVersion": "10.0.0",
    "compatibleCoreVersion": "10",
    "url": "https://github.com/Cactuar87/Pathfinder-Aura-Share/",
    "manifest": "https://github.com/Cactuar87/Pathfinder-Aura-Share/raw/main/module.json",
    "download": "https://github.com/Cactuar87/Pathfinder-Aura-Share/raw/main/module.zip"
  }