{
    "id": "aurashare",
    "name": "aurashare",
    "title": "Aura Share",
    "description": "Automates auras in Pathfinder 1e",
    "version": "1.5.5",
    "esmodules": [
        "scripts/aurashare.js"
      ],
    "authors": [
      {
        "name": "Cactuar / Fiona",
        "url": "https://github.com/FionaBrightgrass/Aura-Share",
        "discord": "Cactuar#3425"
      }
    ],
    "relationships": {
      "systems": [
        {
          "id": "pf1",
          "type": "system",
          "compatibility": {
            "minimum": "0.82.5"
          }
        }
      ]
    },
    "minimumCoreVersion": "10.0.0",
    "compatibleCoreVersion": "10",
    "url": "https://github.com/FionaBrightgrass/Aura-Share",
    "manifest": "https://github.com/FionaBrightgrass/Aura-Share/raw/main/module.json",
    "download": "https://github.com/FionaBrightgrass/Aura-Share/raw/main/module.zip"
  }
