{
    "id": "aurashare",
    "name": "aurashare",
    "title": "Aura Share",
    "description": "Automates auras in Pathfinder 1e",
    "version": "2.0.4",
    "esmodules": [
        "scripts/aurashare.js"
      ],
    "authors": [
      {
        "name": "Cactuar / Fiona",
        "url": "https://github.com/FionaBrightgrass/Aura-Share",
        "discord": "FionaBrightgrass"
      }
    ],
    "relationships": {
      "systems": [
        {
          "id": "pf1",
          "type": "system",
          "compatibility": {
            "minimum": "0.82.5"
          }
		},
        {
          "id": "ffd20",
          "type": "system",
          "compatibility": {
            "minimum": "10.0.0"
          }
        }
      ]
    },
	  "compatibility": {
		"minimum": "10",
		"verified": "11.311"
	  },
    "url": "https://github.com/FionaBrightgrass/Aura-Share",
    "manifest": "https://github.com/FionaBrightgrass/Aura-Share/raw/main/module.json",
    "download": "https://github.com/FionaBrightgrass/Aura-Share/raw/main/module.zip"
  }
